label,i5-8259U,Apple M1,Cortex-X925,Cortex-A76
ML-KEM-512 keygen,5344.74,11326.3,14775.4,3734.13
ML-KEM-512 encaps,23424.7,53050.4,71174.4,16820.9
ML-KEM-512 decaps,17624.3,42087.5,54644.8,13404.8
ML-KEM-768 keygen,3331.11,7142.86,8873.11,2341.37
ML-KEM-768 encaps,16239,40733.2,53676.9,12716.2
ML-KEM-768 decaps,12607.2,32123.4,40584.4,10093.9
ML-KEM-1024 keygen,2218.77,4737.09,5793.74,1540.36
ML-KEM-1024 encaps,9242.14,31298.9,40225.3,7710.1
ML-KEM-1024 decaps,8103.73,24691.4,31816.7,7763.98
